Run_Number,Time_Seconds
1,0.730329
2,0.000303356
3,0.000309738
4,0.000247125
5,8.6972e-05
6,0.000127746
7,8.242e-05
8,0.000110576
9,8.1804e-05
10,6.778e-05
